编号,昵称,头像,时间,描述,主图,点赞数,差评数,分享数,评论数
1,出走的小哪吒 ,http://mpic.spriteapp.cn/profile/large/2019/07/04/5d1d66a9a60ea_mini.jpg,2019-09-07 07:06:01,火狐突击！,http://mstatic.spriteapp.cn/xx/1/w3/img/lazyload/default.png,196,48,8,15
2,小利酱 ,http://mpic.spriteapp.cn/profile/large/2019/07/04/5d1d9fdf819f6_mini.jpg,2019-09-06 18:06:02,吃到美食的你,http://mstatic.spriteapp.cn/xx/1/w3/img/lazyload/default.png,202,53,8,4
3,快乐肥皂 ,http://mpic.spriteapp.cn/profile/large/2019/07/04/5d1d7028a95a5_mini.jpg,2019-09-06 09:36:02,小鸟：爸爸，爸爸，我饿了老爸：听不见，听不见，听不见,http://mstatic.spriteapp.cn/xx/1/w3/img/lazyload/default.png,298,48,31,16
4,笑品百味人生 ,http://qzapp.qlogo.cn/qzapp/100336987/D717E1D771EA0C38EE4F8BFC9C02E756/100,2019-09-06 09:06:01,听奶奶的话，没错的,http://mstatic.spriteapp.cn/xx/1/w3/img/lazyload/default.png,175,54,2,15
5,JoJoLoy ,http://thirdwx.qlogo.cn/mmopen/vi_32/XJTlGosqnLwwsu0UNCqlUyqaxgWg3nmN8d9IOpbtD8aIRUEdvA7xIibHiamAHA8p58AaqgUHrhuAC50uoGLqAQrA/132,2019-09-06 08:36:01,我的新玩具,http://mstatic.spriteapp.cn/xx/1/w3/img/lazyload/default.png,306,47,2,44
6,暖玉烟 ,http://mpic.spriteapp.cn/profile/large/2019/07/04/5d1d75220ef7f_mini.jpg,2019-09-06 08:06:01,哈哈哈哈哈哈哈哈哈画面感真的强,http://mstatic.spriteapp.cn/xx/1/w3/img/lazyload/default.png,313,49,4,20
7,无极限 ,http://mpic.spriteapp.cn/profile/large/2019/07/04/5d1d96606b2dc_mini.jpg,2019-09-06 07:36:01,你在你男（女）朋友的手机里发现过什么秘密？,http://mstatic.spriteapp.cn/xx/1/w3/img/lazyload/default.png,202,66,3,74
8,樊笼 ,http://mpic.spriteapp.cn/profile/large/2019/07/04/5d1d6ae515d67_mini.jpg,2019-09-06 07:06:01,这谁受得住啊？,http://mstatic.spriteapp.cn/xx/1/w3/img/lazyload/default.png,198,96,1,95
9,IRISHAHA999 ,http://mpic.spriteapp.cn/profile/large/2017/12/06/5a2759a3ba442_mini.jpg,2019-09-06 06:36:01,这是想骗我没进过城吗？？,http://mstatic.spriteapp.cn/xx/1/w3/img/lazyload/default.png,259,40,2,35
10,言无欲 ,http://mpic.spriteapp.cn/profile/large/2019/07/04/5d1da06bcba82_mini.jpg,2019-09-06 02:16:01,老虎：刚刚是不是想还手来着？,http://mstatic.spriteapp.cn/xx/1/w3/img/lazyload/default.png,374,47,7,40
11, ,,2019-09-05 21:04:01,这么可爱的病毒我也想要啊！！！ 好萌好萌,http://mstatic.spriteapp.cn/xx/1/w3/img/lazyload/default.png,208,56,1,38
12,浪而且long ,http://mpic.spriteapp.cn/profile/large/2019/07/04/5d1d7049f0cff_mini.jpg,2019-09-05 20:48:01,熬夜和晚睡的区别,http://mstatic.spriteapp.cn/xx/1/w3/img/lazyload/default.png,327,30,6,30
13,笑君主 ,http://mpic.spriteapp.cn/profile/large/2019/07/04/5d1da01921162_mini.jpg,2019-09-05 20:32:01,用你的输入法打出“PY”，来测试一下你的纯洁度~,http://mstatic.spriteapp.cn/xx/1/w3/img/lazyload/default.png,105,61,0,321
14,孔夫子 ,http://mpic.spriteapp.cn/profile/large/2019/07/04/5d1d701fe0a3a_mini.jpg,2019-09-05 20:16:01,被道德绑架了怎么办？,http://mstatic.spriteapp.cn/xx/1/w3/img/lazyload/default.png,242,37,2,61
15,南苑 ,http://mpic.spriteapp.cn/profile/large/2019/07/04/5d1d74e64d928_mini.jpg,2019-09-05 20:00:02,我不想生活在，认为善良是弱点的世界里。,http://mstatic.spriteapp.cn/xx/1/w3/img/lazyload/default.png,263,28,3,48
16,凯奇 ,http://mpic.spriteapp.cn/profile/large/2019/07/04/5d1d6ffe1c757_mini.jpg,2019-09-05 19:34:02,少年好刀法！,http://mstatic.spriteapp.cn/xx/1/w3/img/lazyload/default.png,281,34,4,48
17,猴塞雷 ,http://mpic.spriteapp.cn/profile/large/2019/07/04/5d1d6d3bd08e1_mini.jpg,2019-09-05 19:04:01,女朋友生气全过程,http://mstatic.spriteapp.cn/xx/1/w3/img/lazyload/default.png,258,60,6,54
18,王者 ,http://mpic.spriteapp.cn/profile/large/2019/07/04/5d1d96075d843_mini.jpg,2019-09-05 18:34:01,今晚一定不再熬夜了，今晚一定,http://mstatic.spriteapp.cn/xx/1/w3/img/lazyload/default.png,197,26,4,34
19,静安 ,http://mpic.spriteapp.cn/profile/large/2019/07/04/5d1d6dbcb2e73_mini.jpg,2019-09-05 18:04:01,大家早鸭！分享一只，大家都是好熊弟～,http://mstatic.spriteapp.cn/xx/1/w3/img/lazyload/default.png,223,24,3,24
20,唱Y调的小淕 ,http://mpic.spriteapp.cn/profile/large/2019/07/04/5d1d64d68b2c7_mini.jpg,2019-09-05 17:02:02,在网吧看到的。,http://mstatic.spriteapp.cn/xx/1/w3/img/lazyload/default.png,364,31,1,35
21,巧克力味的香草 ,http://mpic.spriteapp.cn/profile/large/2019/07/04/5d1d89da0b980_mini.jpg,2019-09-05 11:32:02,有点厉害,http://mstatic.spriteapp.cn/xx/1/w3/img/lazyload/default.png,179,57,1,21
22,木头兴 ,http://mpic.spriteapp.cn/profile/large/2019/07/04/5d1d74be7e435_mini.jpg,2019-09-05 11:16:02,太真实了……,http://mstatic.spriteapp.cn/xx/1/w3/img/lazyload/default.png,169,28,5,7
23,堕尘渊 ,http://mpic.spriteapp.cn/profile/large/2019/07/04/5d1d6ad7b5573_mini.jpg,2019-09-05 11:00:02,除了长得好看，什么样的女生最吸引男生？,http://mstatic.spriteapp.cn/xx/1/w3/img/lazyload/default.png,222,51,4,69
24,伴你白首i ,http://mpic.spriteapp.cn/profile/large/2019/07/03/5d1c79f058391_mini.jpg,2019-09-05 10:38:01,一定要这么打击人吗？,http://mstatic.spriteapp.cn/xx/1/w3/img/lazyload/default.png,252,35,3,25
25,梦逍遥omF ,http://wx.qlogo.cn/mmopen/NsXicLUicickpcKlRmQBJjKibxcQokicJaXak6ibU58begua2iaNA3hxUHvnY2QPpa0Bk8IhgZCibT1bnx770X59VVHyHPP7PPQPicoqz/0,2019-09-05 10:06:02,一看就是个熟练工了，看来它家大House还缺点基建材料，得薅点羊毛拿回去用。。。,http://mstatic.spriteapp.cn/xx/1/w3/img/lazyload/default.png,191,19,2,12
26,天线宝宝 ,http://mpic.spriteapp.cn/profile/large/2019/07/04/5d1d90ac62f35_mini.jpg,2019-09-05 09:36:01,哈哈哈哈哈哈哈哈这个回答没毛病啊,http://mstatic.spriteapp.cn/xx/1/w3/img/lazyload/default.png,225,22,4,35
27, ,,2019-09-05 08:36:02,太精辟了，说出了多少男人的心声啊！！！,http://mstatic.spriteapp.cn/xx/1/w3/img/lazyload/default.png,169,38,7,40
28,杰克船长 ,http://mpic.spriteapp.cn/profile/large/2019/07/04/5d1d6da0160bc_mini.jpg,2019-09-05 08:06:02,卖肉的简直鬼才。。,http://mstatic.spriteapp.cn/xx/1/w3/img/lazyload/default.png,269,29,9,29
29,夏常安 ,http://mpic.spriteapp.cn/profile/large/2019/07/04/5d1d969f27854_mini.jpg,2019-09-05 07:36:02,不用匿名，让网友给我评评理,http://mstatic.spriteapp.cn/xx/1/w3/img/lazyload/default.png,235,57,16,99
30,易进如 ,http://mpic.spriteapp.cn/profile/large/2019/07/04/5d1da94a3a6ae_mini.jpg,2019-09-05 07:06:01,连小孩都变得那么有心机,http://mstatic.spriteapp.cn/xx/1/w3/img/lazyload/default.png,271,38,8,22
31,螺旋走位 ,http://mpic.spriteapp.cn/profile/large/2019/07/04/5d1d70cf9f7ad_mini.jpg,2019-09-04 21:52:02,对于第一次相亲，不知道大家都有什么样的经历？,http://mstatic.spriteapp.cn/xx/1/w3/img/lazyload/default.png,135,27,0,41
32,行风 ,http://mpic.spriteapp.cn/profile/large/2019/07/04/5d1d6d15bc157_mini.jpg,2019-09-04 21:36:02,如果躺着的是你，你第一句话是什么？,http://mstatic.spriteapp.cn/xx/1/w3/img/lazyload/default.png,152,46,0,174
33,你的好邻居王叔叔 ,http://mpic.spriteapp.cn/profile,2019-09-04 21:20:01,新衣服到了！晩上准备穿它出去跑步，我需要注意点什么吗……？,http://mstatic.spriteapp.cn/xx/1/w3/img/lazyload/default.png,167,17,0,76
34,沙茶酱 ,http://mpic.spriteapp.cn/profile/large/2019/07/04/5d1d8a50bcb09_mini.jpg,2019-09-04 21:04:02,哈哈哈哈无法反驳,http://mstatic.spriteapp.cn/xx/1/w3/img/lazyload/default.png,180,37,0,33
35,其林 ,http://mpic.spriteapp.cn/profile/large/2019/07/04/5d1d89c17b50c_mini.jpg,2019-09-04 20:48:02,2019渣男鉴定测试全国卷！,http://mstatic.spriteapp.cn/xx/1/w3/img/lazyload/default.png,118,42,1,41
36,闪米 ,http://mpic.spriteapp.cn/profile/large/2019/07/04/5d1d8a6277956_mini.jpg,2019-09-04 20:32:02,直男癌怎么说话的,http://mstatic.spriteapp.cn/xx/1/w3/img/lazyload/default.png,140,39,0,79
37,挪威峡湾 ,http://mpic.spriteapp.cn/profile/large/2019/07/04/5d1d7522add82_mini.jpg,2019-09-04 20:16:01,你喜欢的是哪种体型？,http://mstatic.spriteapp.cn/xx/1/w3/img/lazyload/default.png,158,37,3,61
38,卷施 ,http://mpic.spriteapp.cn/profile/large/2019/07/04/5d1d6fe57ef34_mini.jpg,2019-09-04 19:32:02,没猜到结局系列,http://mstatic.spriteapp.cn/xx/1/w3/img/lazyload/default.png,306,27,5,35
39,午夜阳光 ,http://mpic.spriteapp.cn/profile/large/2019/07/04/5d1d967a611a1_mini.jpg,2019-09-04 19:02:02,牛顿：够了哦！差不多就行了别太过分！,http://mstatic.spriteapp.cn/xx/1/w3/img/lazyload/default.png,229,43,4,52
40,叶小夜 ,http://mpic.spriteapp.cn/profile/large/2019/07/04/5d1da08c58af8_mini.jpg,2019-09-04 12:36:01,防员永远不知道自己接下来会面对什么样的挑战,http://mstatic.spriteapp.cn/xx/1/w3/img/lazyload/default.png,178,25,4,35
41,东卫 ,http://mpic.spriteapp.cn/profile/large/2019/07/04/5d1d6ab675d4d_mini.jpg,2019-09-04 12:20:02,多么有上进心的女孩子,http://mstatic.spriteapp.cn/xx/1/w3/img/lazyload/default.png,206,52,4,66
42,傲慢与偏见 ,http://mpic.spriteapp.cn/profile/large/2019/07/03/5d1c79e14201e_mini.jpg,2019-09-04 12:04:01,时间不是衡量一切的标准,http://mstatic.spriteapp.cn/xx/1/w3/img/lazyload/default.png,200,64,1,15
43,爱吃鱼的菊宝宝 ,http://mpic.spriteapp.cn/profile/large/2019/07/03/5d1c79d07677c_mini.jpg,2019-09-04 11:48:01,当女票向你认错，你却想摆摆架子的时候,http://mstatic.spriteapp.cn/xx/1/w3/img/lazyload/default.png,307,28,21,15
44,Pescado ,http://mpic.spriteapp.cn/profile/large/2019/02/10/5c6015142adc7_mini.jpg,2019-09-04 11:32:02,现在的小学课本已经很腻害了……,http://mstatic.spriteapp.cn/xx/1/w3/img/lazyload/default.png,135,38,1,15
45,东山闲话 ,http://mpic.spriteapp.cn/profile/large/2019/07/04/5d1d6ab5a2687_mini.jpg,2019-09-04 11:16:01,有哪些你准备藏一辈子的秘密,http://mstatic.spriteapp.cn/xx/1/w3/img/lazyload/default.png,188,71,1,65
46,暗里有光 ,http://mpic.spriteapp.cn/profile/large/2019/07/03/5d1c79de0a1dd_mini.jpg,2019-09-04 11:00:01,同样是人，凭什么要惯着你？？,http://mstatic.spriteapp.cn/xx/1/w3/img/lazyload/default.png,235,39,7,46
47,飞鸿踏雪 ,http://mpic.spriteapp.cn/profile/large/2019/07/04/5d1d6af1aa12c_mini.jpg,2019-09-04 01:16:01,喵被主人打了，以为它会还手，没想到.....,http://mstatic.spriteapp.cn/xx/1/w3/img/lazyload/default.png,270,30,14,21
48,游先生 ,http://mpic.spriteapp.cn/profile/large/2019/07/04/5d1da9642e5ad_mini.jpg,2019-09-04 00:36:01,哈哈哈，谁干的？？？,http://mstatic.spriteapp.cn/xx/1/w3/img/lazyload/default.png,331,40,6,25
49,俊豪 ,http://mpic.spriteapp.cn/profile/large/2019/07/04/5d1d6fee2f45e_mini.jpg,2019-09-03 23:56:01,非常同意！,http://mstatic.spriteapp.cn/xx/1/w3/img/lazyload/default.png,230,32,4,22
50,小青 ,http://mpic.spriteapp.cn/profile/large/2019/07/04/5d1d9fef008a3_mini.jpg,2019-09-03 23:36:01,生气归生气，肉还是要吃的,http://mstatic.spriteapp.cn/xx/1/w3/img/lazyload/default.png,262,29,6,19
51,詹皇不老 ,http://mpic.spriteapp.cn/profile/large/2019/07/04/5d1da9adc555b_mini.jpg,2019-09-03 23:16:01,手贱的下场。。。。。。,http://mstatic.spriteapp.cn/xx/1/w3/img/lazyload/default.png,198,17,9,15
52,宸未雪 ,http://mpic.spriteapp.cn/profile/large/2019/07/04/5d1d64e01f2be_mini.jpg,2019-09-03 22:56:01,情侣三观相差太多是什么体验？,http://mstatic.spriteapp.cn/xx/1/w3/img/lazyload/default.png,193,80,10,63
53,让精彩填满生活1 ,http://mpic.spriteapp.cn/profile/large/2019/07/22/5d3535e24b0af_mini.jpg,2019-09-03 22:40:01,妹纸加油，佩服佩服,http://mstatic.spriteapp.cn/xx/1/w3/img/lazyload/default.png,447,27,1,18
54,情感和合离乾文化 ,http://mpic.spriteapp.cn/profile/large/2019/07/04/5d1d8a0104872_mini.jpg,2019-09-03 22:24:01,云烧烤！适用于月末没钱的时候。。。,http://mstatic.spriteapp.cn/xx/1/w3/img/lazyload/default.png,172,39,6,23
55,个实离 ,http://mpic.spriteapp.cn/profile/large/2019/07/04/5d1d6b2b4453a_mini.jpg,2019-09-03 22:08:01,烤肉必备背心哈哈哈哈哈哈哈哈,http://mstatic.spriteapp.cn/xx/1/w3/img/lazyload/default.png,360,22,18,17
56,花花梅 ,http://mpic.spriteapp.cn/profile/large/2019/07/04/5d1d6d47c1b61_mini.jpg,2019-09-03 21:52:02,当一把俗人是什么体验？,http://mstatic.spriteapp.cn/xx/1/w3/img/lazyload/default.png,231,20,2,16
57,狠毒男孩 ,http://mpic.spriteapp.cn/profile/large/2019/07/04/5d1d6d302d3d4_mini.jpg,2019-09-03 17:04:02,打了我十几年的爸爸跟小三生的儿子得了白血病，求我去做骨髓配对救人。,http://mstatic.spriteapp.cn/xx/1/w3/img/lazyload/default.png,236,25,4,205
58,皮蛋粥 ,http://mpic.spriteapp.cn/profile/large/2019/07/04/5d1d8991e0b68_mini.jpg,2019-09-03 16:32:02,听说男生和女生的审美不一样，你们第一眼觉得哪个女生好看？,http://mstatic.spriteapp.cn/xx/1/w3/img/lazyload/default.png,166,59,1,194
59,叶听风过 ,http://mpic.spriteapp.cn/profile/large/2019/07/04/5d1da08bd4477_mini.jpg,2019-09-03 16:02:02,我觉得我家鸡成精了，该怎么办,http://mstatic.spriteapp.cn/xx/1/w3/img/lazyload/default.png,198,34,1,84
60,你我他 ,http://mpic.spriteapp.cn/profile/large/2019/07/04/5d1d74ffce0d7_mini.jpg,2019-09-03 15:32:01,男人一条帕，从头擦到胯,http://mstatic.spriteapp.cn/xx/1/w3/img/lazyload/default.png,254,25,4,76
61,虚伪先生 ,http://mpic.spriteapp.cn/profile/large/2019/07/04/5d1da048a7573_mini.jpg,2019-09-03 14:42:02,三观很正的小伙子。,http://mstatic.spriteapp.cn/xx/1/w3/img/lazyload/default.png,279,49,9,49
62,为你而来 ,http://mpic.spriteapp.cn/profile/large/2019/07/04/5d1d961a5f1f9_mini.jpg,2019-09-03 13:52:02,真的很有爱了,http://mstatic.spriteapp.cn/xx/1/w3/img/lazyload/default.png,320,33,5,6
63,彭宾辉 ,http://mpic.spriteapp.cn/profile/large/2019/07/04/5d1d898a67828_mini.jpg,2019-09-03 13:22:01,不知道还有没有一样的人,http://mstatic.spriteapp.cn/xx/1/w3/img/lazyload/default.png,243,25,0,50
64,庄凯徐 ,http://mpic.spriteapp.cn/profile/large/2019/07/04/5d1dafcb6ceb3_mini.jpg,2019-09-03 12:52:01,哈哈哈哈你真爱干净,http://mstatic.spriteapp.cn/xx/1/w3/img/lazyload/default.png,282,40,8,23
65,朝阳 ,http://mpic.spriteapp.cn/profile/large/2019/07/04/5d1d64dab1947_mini.jpg,2019-09-03 12:36:01,终于知道了上班的重要性,http://mstatic.spriteapp.cn/xx/1/w3/img/lazyload/default.png,290,21,1,10
66,如来 ,http://mpic.spriteapp.cn/profile/large/2019/07/04/5d1d8a3009318_mini.jpg,2019-09-03 08:08:01,这个图说明什么？,http://mstatic.spriteapp.cn/xx/1/w3/img/lazyload/default.png,248,56,7,217
67,初木 ,http://mpic.spriteapp.cn/profile/large/2019/07/04/5d1d66ab47cfa_mini.jpg,2019-09-03 07:38:01,完了，朕的江山，朕的美人都没了！,http://mstatic.spriteapp.cn/xx/1/w3/img/lazyload/default.png,271,51,9,34
68,聚美 ,http://mpic.spriteapp.cn/profile/large/2019/07/04/5d1d6fe30dc28_mini.jpg,2019-09-03 07:08:01,同合租的男生一起洗了澡发生了关系，可他有女朋友，我算是小三吗？,http://mstatic.spriteapp.cn/xx/1/w3/img/lazyload/default.png,233,56,5,126
69,仰望天空╮ ,http://mpic.spriteapp.cn/profile/large/2019/03/26/5c99f6abf36f9_mini.jpg,2019-09-03 06:36:02,仿佛是看到了小时候的自己。。。,http://mstatic.spriteapp.cn/xx/1/w3/img/lazyload/default.png,238,32,10,16
70,梅子酱 ,http://mpic.spriteapp.cn/profile/large/2019/07/04/5d1d745ac2ec0_mini.jpg,2019-09-03 05:56:01,你真他娘是个人才,http://mstatic.spriteapp.cn/xx/1/w3/img/lazyload/default.png,220,29,2,22
71,凉凉 ,http://mpic.spriteapp.cn/profile/large/2019/07/04/5d1d70872ffbe_mini.jpg,2019-09-03 02:52:01,狗：我被侵犯了有木有！,http://mstatic.spriteapp.cn/xx/1/w3/img/lazyload/default.png,254,18,15,32
72,笑品百味人生 ,http://qzapp.qlogo.cn/qzapp/100336987/D717E1D771EA0C38EE4F8BFC9C02E756/100,2019-09-03 01:56:02,以色列一个父亲，为她“坐没坐相”的女儿打造的椅子,http://mstatic.spriteapp.cn/xx/1/w3/img/lazyload/default.png,227,29,1,25
73,笑品百味人生 ,http://qzapp.qlogo.cn/qzapp/100336987/D717E1D771EA0C38EE4F8BFC9C02E756/100,2019-09-03 01:16:02,直男写的藏头诗,http://mstatic.spriteapp.cn/xx/1/w3/img/lazyload/default.png,186,31,2,11
74,梦溪空城 ,http://mpic.spriteapp.cn/profile/large/2019/07/04/5d1d7470a457b_mini.jpg,2019-09-03 00:36:01,别人的朋友 VS 我的朋友……,http://mstatic.spriteapp.cn/xx/1/w3/img/lazyload/default.png,181,19,3,12
75,想变得更好的小鱼 ,http://mpic.spriteapp.cn/profile/large/2019/07/04/5d1d96bd1a564_mini.jpg,2019-09-02 23:56:01,这就是你见到喜欢人的样子,http://mstatic.spriteapp.cn/xx/1/w3/img/lazyload/default.png,330,23,9,32
76,苏子七 ,http://mpic.spriteapp.cn/profile/large/2019/07/04/5d1d905e8473e_mini.jpg,2019-09-02 20:48:02,现出真身,http://mstatic.spriteapp.cn/xx/1/w3/img/lazyload/default.png,138,23,0,10
77,咯咯 ,http://mpic.spriteapp.cn/profile/large/2019/07/04/5d1d6b235ae51_mini.jpg,2019-09-02 20:32:02,感受一下养狗的男人的日常，女孩子心里要有点数！,http://mstatic.spriteapp.cn/xx/1/w3/img/lazyload/default.png,207,28,1,34
78,飞奔而去 ,http://mpic.spriteapp.cn/profile/large/2019/07/04/5d1d6af03346b_mini.jpg,2019-09-02 20:16:01,九月对我好一点啊！拜托了,http://mstatic.spriteapp.cn/xx/1/w3/img/lazyload/default.png,151,48,0,9
79,充能君 ,http://mpic.spriteapp.cn/profile/large/2019/09/01/5d6bcf4e55de6_mini.png,2019-09-02 20:00:01,来自少林寺的厨师,http://mstatic.spriteapp.cn/xx/1/w3/img/lazyload/default.png,324,22,3,70
80,让精彩填满生活1 ,http://mpic.spriteapp.cn/profile/large/2019/07/22/5d3535e24b0af_mini.jpg,2019-09-02 19:34:01,来来来，取个名字，他爹姓白,http://mstatic.spriteapp.cn/xx/1/w3/img/lazyload/default.png,204,34,1,217
81,雅雅 ,http://mpic.spriteapp.cn/profile/large/2019/07/04/5d1da063bd578_mini.jpg,2019-09-02 19:04:01,哪个词语能让别人瞬间猜到你所在的城市？,http://mstatic.spriteapp.cn/xx/1/w3/img/lazyload/default.png,141,33,1,234
82,夏洛克小马 ,http://mpic.spriteapp.cn/profile/large/2019/07/04/5d1d96a1a962b_mini.jpg,2019-09-02 18:32:02,有什么食物是你从小到大接受不了的？,http://mstatic.spriteapp.cn/xx/1/w3/img/lazyload/default.png,155,36,0,126
83,椿湫大梦 ,http://mpic.spriteapp.cn/profile/large/2019/07/04/5d1d66b7f06f3_mini.jpg,2019-09-02 18:02:01,深夜11点，我让男友接我回家，男友的回复过分吗 ？,http://mstatic.spriteapp.cn/xx/1/w3/img/lazyload/default.png,125,48,2,121
84,永不落地的无脚鸟 ,http://mpic.spriteapp.cn/profile/large/2019/07/04/5d1da956f272a_mini.jpg,2019-09-02 17:32:02,如果你一觉醒来回到16岁，你第一件事做什么工作,http://mstatic.spriteapp.cn/xx/1/w3/img/lazyload/default.png,160,21,0,86
85,文忠兄 ,http://mpic.spriteapp.cn/profile/large/2019/07/04/5d1d96324da10_mini.jpg,2019-09-02 17:02:01,这样强求的爱能持续长久？对于男孩子的行为，你是怎么看的？,http://mstatic.spriteapp.cn/xx/1/w3/img/lazyload/default.png,145,67,3,98
